<?xml version="1.0" encoding="UTF-8"?>
<requirements xmlns="http://csrc.nist.gov/ns/decima/requirements/1.0"
              xmlns:scapval-ext="https://csrc.nist.gov/ns/scapval/scapval-requirements-ext/1.3"
              xmlns:xsi="http://www.w3.org/2001/XMLSchema-instance"
              xsi:schemaLocation="http://csrc.nist.gov/ns/decima/requirements/1.0 ../../../../../decima/xml/src/main/xsd/decima/decima-requirements.xsd https://csrc.nist.gov/ns/scapval/scapval-requirements-ext/1.3 ../../xsd/scapval-requirements-ext.xsd">
    <resource id="component" name="component" href="http://nowhere"/>
    <requirement id="COMP-1">
        <summary>Component Validation.</summary>
        <reference ref="none" section="none"/>
        <statement>This check runs component required schema and schematron validation.</statement>
        <derived-requirements>
            <derived-requirement id="COMP-1-1" type="MUST" scapval-ext:check-type="APPLICATION">
                <statement>Required schema validation.</statement>
            </derived-requirement>
            <derived-requirement id="COMP-1-2" type="MUST" scapval-ext:check-type="APPLICATION">
                <statement>Required schematron validation.</statement>
            </derived-requirement>
        </derived-requirements>
    </requirement>
</requirements>